{
  "Total" : {
    "transaction" : "Total",
    "sampleCount" : 6730,
    "errorCount" : 25,
    "errorPct" : 0.37147102,
    "meanResTime" : 21661.451411589915,
    "medianResTime" : 18664.5,
    "minResTime" : 12102.0,
    "maxResTime" : 130928.0,
    "pct1ResTime" : 26999.700000000008,
    "pct2ResTime" : 31321.9,
    "pct3ResTime" : 89219.73,
    "throughput" : 19.750376372328343,
    "receivedKBytesPerSec" : 6.110450375712026,
    "sentKBytesPerSec" : 2.498057839916303
  },
  "Home" : {
    "transaction" : "Home",
    "sampleCount" : 6730,
    "errorCount" : 25,
    "errorPct" : 0.37147102,
    "meanResTime" : 21661.451411589915,
    "medianResTime" : 18664.5,
    "minResTime" : 12102.0,
    "maxResTime" : 130928.0,
    "pct1ResTime" : 26999.700000000008,
    "pct2ResTime" : 31321.9,
    "pct3ResTime" : 89219.73,
    "throughput" : 19.750376372328343,
    "receivedKBytesPerSec" : 6.110450375712026,
    "sentKBytesPerSec" : 2.498057839916303
  }
}