{
  "Total" : {
    "transaction" : "Total",
    "sampleCount" : 1413,
    "errorCount" : 0,
    "errorPct" : 0.0,
    "meanResTime" : 306.08351026185403,
    "medianResTime" : 185.0,
    "minResTime" : 174.0,
    "maxResTime" : 1568.0,
    "pct1ResTime" : 822.0,
    "pct2ResTime" : 1186.3,
    "pct3ResTime" : 1392.4799999999982,
    "throughput" : 4.815097528727016,
    "receivedKBytesPerSec" : 1.4002070344979758,
    "sentKBytesPerSec" : 0.6112916784516719
  },
  "Home" : {
    "transaction" : "Home",
    "sampleCount" : 1413,
    "errorCount" : 0,
    "errorPct" : 0.0,
    "meanResTime" : 306.08351026185403,
    "medianResTime" : 185.0,
    "minResTime" : 174.0,
    "maxResTime" : 1568.0,
    "pct1ResTime" : 822.0,
    "pct2ResTime" : 1186.3,
    "pct3ResTime" : 1392.4799999999982,
    "throughput" : 4.815097528727016,
    "receivedKBytesPerSec" : 1.4002070344979758,
    "sentKBytesPerSec" : 0.6112916784516719
  }
}