{
  "Total" : {
    "transaction" : "Total",
    "sampleCount" : 5837,
    "errorCount" : 0,
    "errorPct" : 0.0,
    "meanResTime" : 7207.704128833297,
    "medianResTime" : 8841.0,
    "minResTime" : 174.0,
    "maxResTime" : 13159.0,
    "pct1ResTime" : 10129.0,
    "pct2ResTime" : 10385.0,
    "pct3ResTime" : 11934.72,
    "throughput" : 19.809002796405395,
    "receivedKBytesPerSec" : 5.9425802036387205,
    "sentKBytesPerSec" : 2.514814808137404
  },
  "Home" : {
    "transaction" : "Home",
    "sampleCount" : 5837,
    "errorCount" : 0,
    "errorPct" : 0.0,
    "meanResTime" : 7207.704128833297,
    "medianResTime" : 8841.0,
    "minResTime" : 174.0,
    "maxResTime" : 13159.0,
    "pct1ResTime" : 10129.0,
    "pct2ResTime" : 10385.0,
    "pct3ResTime" : 11934.72,
    "throughput" : 19.809002796405395,
    "receivedKBytesPerSec" : 5.9425802036387205,
    "sentKBytesPerSec" : 2.514814808137404
  }
}