{
  "Total" : {
    "transaction" : "Total",
    "sampleCount" : 4017,
    "errorCount" : 0,
    "errorPct" : 0.0,
    "meanResTime" : 651.8887229275584,
    "medianResTime" : 185.0,
    "minResTime" : 175.0,
    "maxResTime" : 4179.0,
    "pct1ResTime" : 2265.600000000001,
    "pct2ResTime" : 2973.2,
    "pct3ResTime" : 4133.280000000001,
    "throughput" : 13.659362631084996,
    "receivedKBytesPerSec" : 4.031533082384625,
    "sentKBytesPerSec" : 1.7340987715244625
  },
  "Home" : {
    "transaction" : "Home",
    "sampleCount" : 4017,
    "errorCount" : 0,
    "errorPct" : 0.0,
    "meanResTime" : 651.8887229275584,
    "medianResTime" : 185.0,
    "minResTime" : 175.0,
    "maxResTime" : 4179.0,
    "pct1ResTime" : 2265.600000000001,
    "pct2ResTime" : 2973.2,
    "pct3ResTime" : 4133.280000000001,
    "throughput" : 13.659362631084996,
    "receivedKBytesPerSec" : 4.031533082384625,
    "sentKBytesPerSec" : 1.7340987715244625
  }
}