{
  "Total" : {
    "transaction" : "Total",
    "sampleCount" : 7154,
    "errorCount" : 247,
    "errorPct" : 3.4526138,
    "meanResTime" : 29363.430528375826,
    "medianResTime" : 22043.0,
    "minResTime" : 12664.0,
    "maxResTime" : 170482.0,
    "pct1ResTime" : 42569.0,
    "pct2ResTime" : 83856.25,
    "pct3ResTime" : 131173.45,
    "throughput" : 20.1474588968182,
    "receivedKBytesPerSec" : 7.652955536502836,
    "sentKBytesPerSec" : 2.4694725003661127
  },
  "Home" : {
    "transaction" : "Home",
    "sampleCount" : 7154,
    "errorCount" : 247,
    "errorPct" : 3.4526138,
    "meanResTime" : 29363.430528375826,
    "medianResTime" : 22043.0,
    "minResTime" : 12664.0,
    "maxResTime" : 170482.0,
    "pct1ResTime" : 42569.0,
    "pct2ResTime" : 83856.25,
    "pct3ResTime" : 131173.45,
    "throughput" : 20.1474588968182,
    "receivedKBytesPerSec" : 7.652955536502836,
    "sentKBytesPerSec" : 2.4694725003661127
  }
}