{
  "Total" : {
    "transaction" : "Total",
    "sampleCount" : 6944,
    "errorCount" : 171,
    "errorPct" : 2.4625576,
    "meanResTime" : 25420.828629032236,
    "medianResTime" : 20300.0,
    "minResTime" : 13196.0,
    "maxResTime" : 170510.0,
    "pct1ResTime" : 33441.5,
    "pct2ResTime" : 41106.25,
    "pct3ResTime" : 130177.15000000001,
    "throughput" : 21.00804743752647,
    "receivedKBytesPerSec" : 7.500418940408119,
    "sentKBytesPerSec" : 2.6013599431990073
  },
  "Home" : {
    "transaction" : "Home",
    "sampleCount" : 6944,
    "errorCount" : 171,
    "errorPct" : 2.4625576,
    "meanResTime" : 25420.828629032236,
    "medianResTime" : 20300.0,
    "minResTime" : 13196.0,
    "maxResTime" : 170510.0,
    "pct1ResTime" : 33441.5,
    "pct2ResTime" : 41106.25,
    "pct3ResTime" : 130177.15000000001,
    "throughput" : 21.00804743752647,
    "receivedKBytesPerSec" : 7.500418940408119,
    "sentKBytesPerSec" : 2.6013599431990073
  }
}