{
  "Total" : {
    "transaction" : "Total",
    "sampleCount" : 5673,
    "errorCount" : 0,
    "errorPct" : 0.0,
    "meanResTime" : 5535.53023091839,
    "medianResTime" : 6575.0,
    "minResTime" : 175.0,
    "maxResTime" : 10626.0,
    "pct1ResTime" : 8665.0,
    "pct2ResTime" : 9299.0,
    "pct3ResTime" : 10090.26,
    "throughput" : 19.16871373977449,
    "receivedKBytesPerSec" : 5.749288944791536,
    "sentKBytesPerSec" : 2.433528111494808
  },
  "Home" : {
    "transaction" : "Home",
    "sampleCount" : 5673,
    "errorCount" : 0,
    "errorPct" : 0.0,
    "meanResTime" : 5535.53023091839,
    "medianResTime" : 6575.0,
    "minResTime" : 175.0,
    "maxResTime" : 10626.0,
    "pct1ResTime" : 8665.0,
    "pct2ResTime" : 9299.0,
    "pct3ResTime" : 10090.26,
    "throughput" : 19.16871373977449,
    "receivedKBytesPerSec" : 5.749288944791536,
    "sentKBytesPerSec" : 2.433528111494808
  }
}