{
  "Total" : {
    "transaction" : "Total",
    "sampleCount" : 5517,
    "errorCount" : 0,
    "errorPct" : 0.0,
    "meanResTime" : 2092.6559724487756,
    "medianResTime" : 1801.0,
    "minResTime" : 174.0,
    "maxResTime" : 7125.0,
    "pct1ResTime" : 4431.799999999999,
    "pct2ResTime" : 5294.299999999998,
    "pct3ResTime" : 6879.82,
    "throughput" : 18.749362786745966,
    "receivedKBytesPerSec" : 5.618299304375531,
    "sentKBytesPerSec" : 2.380290197536109
  },
  "Home" : {
    "transaction" : "Home",
    "sampleCount" : 5517,
    "errorCount" : 0,
    "errorPct" : 0.0,
    "meanResTime" : 2092.6559724487756,
    "medianResTime" : 1801.0,
    "minResTime" : 174.0,
    "maxResTime" : 7125.0,
    "pct1ResTime" : 4431.799999999999,
    "pct2ResTime" : 5294.299999999998,
    "pct3ResTime" : 6879.82,
    "throughput" : 18.749362786745966,
    "receivedKBytesPerSec" : 5.618299304375531,
    "sentKBytesPerSec" : 2.380290197536109
  }
}